<?xml version="1.0" encoding="UTF-8"?>
<project-private xmlns="http://www.netbeans.org/ns/project-private/1">
    <editor-bookmarks xmlns="http://www.netbeans.org/ns/editor-bookmarks/2" lastBookmarkId="0"/>
    <open-files xmlns="http://www.netbeans.org/ns/projectui-open-files/2">
        <group>
            <file>file:/E:/NEU/Info%205100%20Lab/Lab%20Assignment/Lab%205/Lab_5_Skeleton/Lab_5_Skeleton/src/ui/SupplierRole/ManageProductCatalogJPanel.java</file>
            <file>file:/E:/NEU/Info%205100%20Lab/Lab%20Assignment/Lab%205/Lab_5_Skeleton/Lab_5_Skeleton/src/model/OrderItem.java</file>
            <file>file:/E:/NEU/Info%205100%20Lab/Lab%20Assignment/Lab%205/Lab_5_Skeleton/Lab_5_Skeleton/src/ui/CustomerRole/ViewOrderItemDetailJPanel.java</file>
            <file>file:/E:/NEU/Info%205100%20Lab/Lab%20Assignment/Lab%205/Lab_5_Skeleton/Lab_5_Skeleton/src/model/Order.java</file>
            <file>file:/E:/NEU/Info%205100%20Lab/Lab%20Assignment/Lab%205/Lab_5_Skeleton/Lab_5_Skeleton/src/ui/CustomerRole/ViewProductDetailJPanel.java</file>
            <file>file:/E:/NEU/Info%205100%20Lab/Lab%20Assignment/Lab%205/Lab_5_Skeleton/Lab_5_Skeleton/src/model/Business.java</file>
            <file>file:/E:/NEU/Info%205100%20Lab/Lab%20Assignment/Lab%205/Lab_5_Skeleton/Lab_5_Skeleton/src/ui/CustomerRole/BrowseProductsJPanel.java</file>
            <file>file:/E:/NEU/Info%205100%20Lab/Lab%20Assignment/Lab%205/Lab_5_Skeleton/Lab_5_Skeleton/src/model/Product.java</file>
            <file>file:/E:/NEU/Info%205100%20Lab/Lab%20Assignment/Lab%205/Lab_5_Skeleton/Lab_5_Skeleton/src/model/ProductCatalog.java</file>
            <file>file:/E:/NEU/Info%205100%20Lab/Lab%20Assignment/Lab%205/Lab_5_Skeleton/Lab_5_Skeleton/src/ui/MainJFrame.java</file>
            <file>file:/E:/NEU/Info%205100%20Lab/Lab%20Assignment/Lab%205/Lab_5_Skeleton/Lab_5_Skeleton/src/model/SupplierDirectory.java</file>
            <file>file:/E:/NEU/Info%205100%20Lab/Lab%20Assignment/Lab%205/Lab_5_Skeleton/Lab_5_Skeleton/src/ui/SupplierRole/CreateNewProductJPanel.java</file>
            <file>file:/E:/NEU/Info%205100%20Lab/Lab%20Assignment/Lab%205/Lab_5_Skeleton/Lab_5_Skeleton/src/model/MasterOrderList.java</file>
            <file>file:/E:/NEU/Info%205100%20Lab/Lab%20Assignment/Lab%205/Lab_5_Skeleton/Lab_5_Skeleton/src/model/Supplier.java</file>
        </group>
    </open-files>
</project-private>
