<?xml version="1.0" encoding="UTF-8"?>
<project-private xmlns="http://www.netbeans.org/ns/project-private/1">
    <editor-bookmarks xmlns="http://www.netbeans.org/ns/editor-bookmarks/2" lastBookmarkId="0"/>
    <open-files xmlns="http://www.netbeans.org/ns/projectui-open-files/2">
        <group>
            <file>file:/C:/Users/vsbk0/Downloads/Lab_4_Skeleton/Lab_4_Skeleton/src/ui/admin/ManageSuppliers.java</file>
            <file>file:/C:/Users/vsbk0/Downloads/Lab_4_Skeleton/Lab_4_Skeleton/src/model/SupplierDirectory.java</file>
            <file>file:/C:/Users/vsbk0/Downloads/Lab_4_Skeleton/Lab_4_Skeleton/src/ui/MainJFrame.java</file>
            <file>file:/C:/Users/vsbk0/Downloads/Lab_4_Skeleton/Lab_4_Skeleton/src/ui/admin/ViewSupplier.java</file>
            <file>file:/C:/Users/vsbk0/Downloads/Lab_4_Skeleton/Lab_4_Skeleton/src/model/Supplier.java</file>
            <file>file:/C:/Users/vsbk0/Downloads/Lab_4_Skeleton/Lab_4_Skeleton/src/ui/supplier/ViewProductDetailJPanel.java</file>
            <file>file:/C:/Users/vsbk0/Downloads/Lab_4_Skeleton/Lab_4_Skeleton/src/ui/LoginScreen.java</file>
            <file>file:/C:/Users/vsbk0/Downloads/Lab_4_Skeleton/Lab_4_Skeleton/src/model/Product.java</file>
            <file>file:/C:/Users/vsbk0/Downloads/Lab_4_Skeleton/Lab_4_Skeleton/src/model/Feature.java</file>
            <file>file:/C:/Users/vsbk0/Downloads/Lab_4_Skeleton/Lab_4_Skeleton/src/ui/admin/AddSupplier.java</file>
            <file>file:/C:/Users/vsbk0/Downloads/Lab_4_Skeleton/Lab_4_Skeleton/src/ui/supplier/ManageProductCatalogJPanel.java</file>
            <file>file:/C:/Users/vsbk0/Downloads/Lab_4_Skeleton/Lab_4_Skeleton/src/ui/admin/AdminWorkAreaJPanel.java</file>
            <file>file:/C:/Users/vsbk0/Downloads/Lab_4_Skeleton/Lab_4_Skeleton/src/model/ProductCatalog.java</file>
        </group>
    </open-files>
</project-private>
